{
    "jedi.executable.command": "/Users/jacklanda/App/anaconda3/bin/jedi-language-server",
    "clangd.semanticHighlighting": true,
    "clangd.disableDiagnostics": true,
    "suggest.removeDuplicateItems": true,
    "signature.hideOnTextChange": false,
    "diagnostic.errorSign": "✘",
    "diagnostic.infoSign": "ℹ",
    "diagnostic.hintSign": "➤",
    "codeLens.enable": true,
    "signature.enable": true,
    "python.autoUpdateLanguageServer": true,
    "python.linting.enabled": false,
    "python.linting.pylintEnabled":true,
    "python.jediEnabled": false,
    "Lua.telemetry.enable": true,
    "tabnine.priority": 999,
    "tabnine.triggers": [",", ".", "->", "_"]
}
