{
    "languageserver": {
        "ccls": {
            "command": "ccls",
            "filetypes": ["c", "cpp", "objc", "objcpp"],
            "rootPatterns": [".ccls", "compile_commands.json", ".vim/", ".git/", ".hg/"],
            "initializationOptions": {
                "cache": {
                    "directory": "/tmp/ccls"
                },
                "highlight": { "lsRanges" : true }
            }
        },
        "cquery": {
            "command": "cquery",
            "args": ["--log-file=/tmp/cq.log"],
            "filetypes": ["c", "cpp"],
            "rootPatterns": ["compile_flags.txt", "compile_commands.json", ".vim/", ".git/", ".hg/"],
            "initializationOptions": {
                "cacheDirectory": "/tmp/cquery",
                "highlight": { "enabled" : true },
                "emitInactiveRegions" : true
            }
        }
    }
}
